{"cameraMode":{"drawMode":0,"name":"Shaded","section":"Shading Mode"},"sceneLighting":true,"audioPlay":false,"sceneViewState":{"m_AlwaysRefresh":false,"showFog":true,"showSkybox":true,"showFlares":true,"showImageEffects":true,"showParticleSystems":true,"showVisualEffectGraphs":true,"m_FxEnabled":false},"in2DMode":false,"pivot":{"x":0.7873551845550537,"y":0.5619123578071594,"z":5.452592372894287},"rotation":{"x":0.3389347493648529,"y":0.11084293574094773,"z":-0.04024726152420044,"w":0.9334096312522888},"size":5.748754501342773,"orthographic":false}