{"cameraMode":{"drawMode":0,"name":"Shaded","section":"Shading Mode"},"sceneLighting":true,"audioPlay":false,"sceneViewState":{"m_AlwaysRefresh":false,"showFog":true,"showSkybox":true,"showFlares":true,"showImageEffects":true,"showParticleSystems":true,"showVisualEffectGraphs":true,"m_FxEnabled":false},"in2DMode":false,"pivot":{"x":951.4138793945313,"y":624.630859375,"z":-121.64225769042969},"rotation":{"x":0.05458454787731171,"y":-0.00030308548593893647,"z":0.00001702579902485013,"w":0.9985420107841492},"size":521.9793090820313,"orthographic":false}