{"cameraMode":{"drawMode":0,"name":"Shaded","section":"Shading Mode"},"sceneLighting":true,"audioPlay":false,"sceneViewState":{"m_AlwaysRefresh":false,"showFog":true,"showSkybox":true,"showFlares":true,"showImageEffects":true,"showParticleSystems":true,"showVisualEffectGraphs":true,"m_FxEnabled":false},"in2DMode":false,"pivot":{"x":-0.2221895307302475,"y":1.6494693756103516,"z":-5.80696964263916},"rotation":{"x":0.05458454787731171,"y":-0.00030308548593893647,"z":0.00001702579902485013,"w":0.9985420107841492},"size":0.7015635371208191,"orthographic":false}