{"cameraMode":{"drawMode":0,"name":"Shaded","section":"Shading Mode"},"sceneLighting":true,"audioPlay":false,"sceneViewState":{"m_AlwaysRefresh":false,"showFog":true,"showSkybox":true,"showFlares":true,"showImageEffects":true,"showParticleSystems":true,"showVisualEffectGraphs":true,"m_FxEnabled":false},"in2DMode":false,"pivot":{"x":0.013338287360966206,"y":-1.4962131977081299,"z":7.415583610534668},"rotation":{"x":0.22633105516433717,"y":0.004086808767169714,"z":-0.0009495308040641248,"w":0.9740476608276367},"size":5.748754501342773,"orthographic":false}